Value,Mandatory QA flags,Data quality flag,Cloud/Ocean Flag,Iterations,Atmospheric Opacity,MMD,Emissivity accuracy,LST accuracy
0,Pixel produced by TES (Use cloud layer to filter cloudy pixels and select best quality),Good quality L1B data,Not set. Please check ECOSTRESS GEO and CLOUD products for this information.,Slow convergence,">=3 (Warm, humid air; or cold land)",>0.15 (Most silicate rocks),>0.02 (Poor performance),>2 K (Poor performance)
15,Pixel not produced (see bits 3&2 for additional information),Missing/bad L1B data,Not set. Please check ECOSTRESS GEO and CLOUD products for this information.,Slow convergence,">=3 (Warm, humid air; or cold land)",>0.15 (Most silicate rocks),>0.02 (Poor performance),>2 K (Poor performance)
16384,Pixel produced by TES (Use cloud layer to filter cloudy pixels and select best quality),Good quality L1B data,Not set. Please check ECOSTRESS GEO and CLOUD products for this information.,Slow convergence,">=3 (Warm, humid air; or cold land)",>0.15 (Most silicate rocks),>0.02 (Poor performance),1.5 - 2 K (Marginal performance)
16389,Pixel produced by TES but certain conditions are met that may degrade the LSTE accuracy 00 Pixel produced by TES  (Use cloud layer to filter cloudy pixels and select best quality),Missing stripe pixel in bands 1 and 5,Not set. Please check ECOSTRESS GEO and CLOUD products for this information.,Slow convergence,">=3 (Warm, humid air; or cold land)",>0.15 (Most silicate rocks),>0.02 (Poor performance),1.5 - 2 K (Marginal performance)
16448,Pixel produced by TES (Use cloud layer to filter cloudy pixels and select best quality),Good quality L1B data,Not set. Please check ECOSTRESS GEO and CLOUD products for this information.,Nominal,">=3 (Warm, humid air; or cold land)",>0.15 (Most silicate rocks),>0.02 (Poor performance),1.5 - 2 K (Marginal performance)
16449,Pixel produced by TES but certain conditions are met that may degrade the LSTE accuracy 00 Pixel produced by TES  (Use cloud layer to filter cloudy pixels and select best quality),Good quality L1B data,Not set. Please check ECOSTRESS GEO and CLOUD products for this information.,Nominal,">=3 (Warm, humid air; or cold land)",>0.15 (Most silicate rocks),>0.02 (Poor performance),1.5 - 2 K (Marginal performance)
16453,Pixel produced by TES but certain conditions are met that may degrade the LSTE accuracy 00 Pixel produced by TES  (Use cloud layer to filter cloudy pixels and select best quality),Missing stripe pixel in bands 1 and 5,Not set. Please check ECOSTRESS GEO and CLOUD products for this information.,Nominal,">=3 (Warm, humid air; or cold land)",>0.15 (Most silicate rocks),>0.02 (Poor performance),1.5 - 2 K (Marginal performance)
16512,Pixel produced by TES (Use cloud layer to filter cloudy pixels and select best quality),Good quality L1B data,Not set. Please check ECOSTRESS GEO and CLOUD products for this information.,Nominal,">=3 (Warm, humid air; or cold land)",>0.15 (Most silicate rocks),>0.02 (Poor performance),1.5 - 2 K (Marginal performance)
16513,Pixel produced by TES but certain conditions are met that may degrade the LSTE accuracy 00 Pixel produced by TES  (Use cloud layer to filter cloudy pixels and select best quality),Good quality L1B data,Not set. Please check ECOSTRESS GEO and CLOUD products for this information.,Nominal,">=3 (Warm, humid air; or cold land)",>0.15 (Most silicate rocks),>0.02 (Poor performance),1.5 - 2 K (Marginal performance)
16517,Pixel produced by TES but certain conditions are met that may degrade the LSTE accuracy 00 Pixel produced by TES  (Use cloud layer to filter cloudy pixels and select best quality),Missing stripe pixel in bands 1 and 5,Not set. Please check ECOSTRESS GEO and CLOUD products for this information.,Nominal,">=3 (Warm, humid air; or cold land)",>0.15 (Most silicate rocks),>0.02 (Poor performance),1.5 - 2 K (Marginal performance)
16576,Pixel produced by TES (Use cloud layer to filter cloudy pixels and select best quality),Good quality L1B data,Not set. Please check ECOSTRESS GEO and CLOUD products for this information.,Fast,">=3 (Warm, humid air; or cold land)",>0.15 (Most silicate rocks),>0.02 (Poor performance),1.5 - 2 K (Marginal performance)
16577,Pixel produced by TES but certain conditions are met that may degrade the LSTE accuracy 00 Pixel produced by TES  (Use cloud layer to filter cloudy pixels and select best quality),Good quality L1B data,Not set. Please check ECOSTRESS GEO and CLOUD products for this information.,Fast,">=3 (Warm, humid air; or cold land)",>0.15 (Most silicate rocks),>0.02 (Poor performance),1.5 - 2 K (Marginal performance)
16581,Pixel produced by TES but certain conditions are met that may degrade the LSTE accuracy 00 Pixel produced by TES  (Use cloud layer to filter cloudy pixels and select best quality),Missing stripe pixel in bands 1 and 5,Not set. Please check ECOSTRESS GEO and CLOUD products for this information.,Fast,">=3 (Warm, humid air; or cold land)",>0.15 (Most silicate rocks),>0.02 (Poor performance),1.5 - 2 K (Marginal performance)
16768,Pixel produced by TES (Use cloud layer to filter cloudy pixels and select best quality),Good quality L1B data,Not set. Please check ECOSTRESS GEO and CLOUD products for this information.,Nominal,0.2 - 0.3 (Nominal value),>0.15 (Most silicate rocks),>0.02 (Poor performance),1.5 - 2 K (Marginal performance)
16773,Pixel produced by TES but certain conditions are met that may degrade the LSTE accuracy 00 Pixel produced by TES  (Use cloud layer to filter cloudy pixels and select best quality),Missing stripe pixel in bands 1 and 5,Not set. Please check ECOSTRESS GEO and CLOUD products for this information.,Nominal,0.2 - 0.3 (Nominal value),>0.15 (Most silicate rocks),>0.02 (Poor performance),1.5 - 2 K (Marginal performance)
16832,Pixel produced by TES (Use cloud layer to filter cloudy pixels and select best quality),Good quality L1B data,Not set. Please check ECOSTRESS GEO and CLOUD products for this information.,Fast,0.2 - 0.3 (Nominal value),>0.15 (Most silicate rocks),>0.02 (Poor performance),1.5 - 2 K (Marginal performance)
16833,Pixel produced by TES but certain conditions are met that may degrade the LSTE accuracy 00 Pixel produced by TES  (Use cloud layer to filter cloudy pixels and select best quality),Good quality L1B data,Not set. Please check ECOSTRESS GEO and CLOUD products for this information.,Fast,0.2 - 0.3 (Nominal value),>0.15 (Most silicate rocks),>0.02 (Poor performance),1.5 - 2 K (Marginal performance)
16837,Pixel produced by TES but certain conditions are met that may degrade the LSTE accuracy 00 Pixel produced by TES  (Use cloud layer to filter cloudy pixels and select best quality),Missing stripe pixel in bands 1 and 5,Not set. Please check ECOSTRESS GEO and CLOUD products for this information.,Fast,0.2 - 0.3 (Nominal value),>0.15 (Most silicate rocks),>0.02 (Poor performance),1.5 - 2 K (Marginal performance)
17088,Pixel produced by TES (Use cloud layer to filter cloudy pixels and select best quality),Good quality L1B data,Not set. Please check ECOSTRESS GEO and CLOUD products for this information.,Fast,0.1 - 0.2 (Nominal value),>0.15 (Most silicate rocks),>0.02 (Poor performance),1.5 - 2 K (Marginal performance)
17089,Pixel produced by TES but certain conditions are met that may degrade the LSTE accuracy 00 Pixel produced by TES  (Use cloud layer to filter cloudy pixels and select best quality),Good quality L1B data,Not set. Please check ECOSTRESS GEO and CLOUD products for this information.,Fast,0.1 - 0.2 (Nominal value),>0.15 (Most silicate rocks),>0.02 (Poor performance),1.5 - 2 K (Marginal performance)
17093,Pixel produced by TES but certain conditions are met that may degrade the LSTE accuracy 00 Pixel produced by TES  (Use cloud layer to filter cloudy pixels and select best quality),Missing stripe pixel in bands 1 and 5,Not set. Please check ECOSTRESS GEO and CLOUD products for this information.,Fast,0.1 - 0.2 (Nominal value),>0.15 (Most silicate rocks),>0.02 (Poor performance),1.5 - 2 K (Marginal performance)
17344,Pixel produced by TES (Use cloud layer to filter cloudy pixels and select best quality),Good quality L1B data,Not set. Please check ECOSTRESS GEO and CLOUD products for this information.,Fast,"<0.1 (Dry, or high altitude pixel)",>0.15 (Most silicate rocks),>0.02 (Poor performance),1.5 - 2 K (Marginal performance)
17345,Pixel produced by TES but certain conditions are met that may degrade the LSTE accuracy 00 Pixel produced by TES  (Use cloud layer to filter cloudy pixels and select best quality),Good quality L1B data,Not set. Please check ECOSTRESS GEO and CLOUD products for this information.,Fast,"<0.1 (Dry, or high altitude pixel)",>0.15 (Most silicate rocks),>0.02 (Poor performance),1.5 - 2 K (Marginal performance)
17600,Pixel produced by TES (Use cloud layer to filter cloudy pixels and select best quality),Good quality L1B data,Not set. Please check ECOSTRESS GEO and CLOUD products for this information.,Fast,">=3 (Warm, humid air; or cold land)","0.1 - 0.15 (Rocks, sand, some soils)",>0.02 (Poor performance),1.5 - 2 K (Marginal performance)
17601,Pixel produced by TES but certain conditions are met that may degrade the LSTE accuracy 00 Pixel produced by TES  (Use cloud layer to filter cloudy pixels and select best quality),Good quality L1B data,Not set. Please check ECOSTRESS GEO and CLOUD products for this information.,Fast,">=3 (Warm, humid air; or cold land)","0.1 - 0.15 (Rocks, sand, some soils)",>0.02 (Poor performance),1.5 - 2 K (Marginal performance)
17605,Pixel produced by TES but certain conditions are met that may degrade the LSTE accuracy 00 Pixel produced by TES  (Use cloud layer to filter cloudy pixels and select best quality),Missing stripe pixel in bands 1 and 5,Not set. Please check ECOSTRESS GEO and CLOUD products for this information.,Fast,">=3 (Warm, humid air; or cold land)","0.1 - 0.15 (Rocks, sand, some soils)",>0.02 (Poor performance),1.5 - 2 K (Marginal performance)
17856,Pixel produced by TES (Use cloud layer to filter cloudy pixels and select best quality),Good quality L1B data,Not set. Please check ECOSTRESS GEO and CLOUD products for this information.,Fast,0.2 - 0.3 (Nominal value),"0.1 - 0.15 (Rocks, sand, some soils)",>0.02 (Poor performance),1.5 - 2 K (Marginal performance)
17857,Pixel produced by TES but certain conditions are met that may degrade the LSTE accuracy 00 Pixel produced by TES  (Use cloud layer to filter cloudy pixels and select best quality),Good quality L1B data,Not set. Please check ECOSTRESS GEO and CLOUD products for this information.,Fast,0.2 - 0.3 (Nominal value),"0.1 - 0.15 (Rocks, sand, some soils)",>0.02 (Poor performance),1.5 - 2 K (Marginal performance)
17861,Pixel produced by TES but certain conditions are met that may degrade the LSTE accuracy 00 Pixel produced by TES  (Use cloud layer to filter cloudy pixels and select best quality),Missing stripe pixel in bands 1 and 5,Not set. Please check ECOSTRESS GEO and CLOUD products for this information.,Fast,0.2 - 0.3 (Nominal value),"0.1 - 0.15 (Rocks, sand, some soils)",>0.02 (Poor performance),1.5 - 2 K (Marginal performance)
18112,Pixel produced by TES (Use cloud layer to filter cloudy pixels and select best quality),Good quality L1B data,Not set. Please check ECOSTRESS GEO and CLOUD products for this information.,Fast,0.1 - 0.2 (Nominal value),"0.1 - 0.15 (Rocks, sand, some soils)",>0.02 (Poor performance),1.5 - 2 K (Marginal performance)
18113,Pixel produced by TES but certain conditions are met that may degrade the LSTE accuracy 00 Pixel produced by TES  (Use cloud layer to filter cloudy pixels and select best quality),Good quality L1B data,Not set. Please check ECOSTRESS GEO and CLOUD products for this information.,Fast,0.1 - 0.2 (Nominal value),"0.1 - 0.15 (Rocks, sand, some soils)",>0.02 (Poor performance),1.5 - 2 K (Marginal performance)
18117,Pixel produced by TES but certain conditions are met that may degrade the LSTE accuracy 00 Pixel produced by TES  (Use cloud layer to filter cloudy pixels and select best quality),Missing stripe pixel in bands 1 and 5,Not set. Please check ECOSTRESS GEO and CLOUD products for this information.,Fast,0.1 - 0.2 (Nominal value),"0.1 - 0.15 (Rocks, sand, some soils)",>0.02 (Poor performance),1.5 - 2 K (Marginal performance)
18624,Pixel produced by TES (Use cloud layer to filter cloudy pixels and select best quality),Good quality L1B data,Not set. Please check ECOSTRESS GEO and CLOUD products for this information.,Fast,">=3 (Warm, humid air; or cold land)","0.03 - 0.1 (Mostly soils, mixed pixel)",>0.02 (Poor performance),1.5 - 2 K (Marginal performance)
18625,Pixel produced by TES but certain conditions are met that may degrade the LSTE accuracy 00 Pixel produced by TES  (Use cloud layer to filter cloudy pixels and select best quality),Good quality L1B data,Not set. Please check ECOSTRESS GEO and CLOUD products for this information.,Fast,">=3 (Warm, humid air; or cold land)","0.03 - 0.1 (Mostly soils, mixed pixel)",>0.02 (Poor performance),1.5 - 2 K (Marginal performance)
18629,Pixel produced by TES but certain conditions are met that may degrade the LSTE accuracy 00 Pixel produced by TES  (Use cloud layer to filter cloudy pixels and select best quality),Missing stripe pixel in bands 1 and 5,Not set. Please check ECOSTRESS GEO and CLOUD products for this information.,Fast,">=3 (Warm, humid air; or cold land)","0.03 - 0.1 (Mostly soils, mixed pixel)",>0.02 (Poor performance),1.5 - 2 K (Marginal performance)
18880,Pixel produced by TES (Use cloud layer to filter cloudy pixels and select best quality),Good quality L1B data,Not set. Please check ECOSTRESS GEO and CLOUD products for this information.,Fast,0.2 - 0.3 (Nominal value),"0.03 - 0.1 (Mostly soils, mixed pixel)",>0.02 (Poor performance),1.5 - 2 K (Marginal performance)
18881,Pixel produced by TES but certain conditions are met that may degrade the LSTE accuracy 00 Pixel produced by TES  (Use cloud layer to filter cloudy pixels and select best quality),Good quality L1B data,Not set. Please check ECOSTRESS GEO and CLOUD products for this information.,Fast,0.2 - 0.3 (Nominal value),"0.03 - 0.1 (Mostly soils, mixed pixel)",>0.02 (Poor performance),1.5 - 2 K (Marginal performance)
18885,Pixel produced by TES but certain conditions are met that may degrade the LSTE accuracy 00 Pixel produced by TES  (Use cloud layer to filter cloudy pixels and select best quality),Missing stripe pixel in bands 1 and 5,Not set. Please check ECOSTRESS GEO and CLOUD products for this information.,Fast,0.2 - 0.3 (Nominal value),"0.03 - 0.1 (Mostly soils, mixed pixel)",>0.02 (Poor performance),1.5 - 2 K (Marginal performance)
19136,Pixel produced by TES (Use cloud layer to filter cloudy pixels and select best quality),Good quality L1B data,Not set. Please check ECOSTRESS GEO and CLOUD products for this information.,Fast,0.1 - 0.2 (Nominal value),"0.03 - 0.1 (Mostly soils, mixed pixel)",>0.02 (Poor performance),1.5 - 2 K (Marginal performance)
19137,Pixel produced by TES but certain conditions are met that may degrade the LSTE accuracy 00 Pixel produced by TES  (Use cloud layer to filter cloudy pixels and select best quality),Good quality L1B data,Not set. Please check ECOSTRESS GEO and CLOUD products for this information.,Fast,0.1 - 0.2 (Nominal value),"0.03 - 0.1 (Mostly soils, mixed pixel)",>0.02 (Poor performance),1.5 - 2 K (Marginal performance)
19141,Pixel produced by TES but certain conditions are met that may degrade the LSTE accuracy 00 Pixel produced by TES  (Use cloud layer to filter cloudy pixels and select best quality),Missing stripe pixel in bands 1 and 5,Not set. Please check ECOSTRESS GEO and CLOUD products for this information.,Fast,0.1 - 0.2 (Nominal value),"0.03 - 0.1 (Mostly soils, mixed pixel)",>0.02 (Poor performance),1.5 - 2 K (Marginal performance)
19648,Pixel produced by TES (Use cloud layer to filter cloudy pixels and select best quality),Good quality L1B data,Not set. Please check ECOSTRESS GEO and CLOUD products for this information.,Fast,">=3 (Warm, humid air; or cold land)","<0.03 (Vegetation, snow, water, ice)",>0.02 (Poor performance),1.5 - 2 K (Marginal performance)
19904,Pixel produced by TES (Use cloud layer to filter cloudy pixels and select best quality),Good quality L1B data,Not set. Please check ECOSTRESS GEO and CLOUD products for this information.,Fast,0.2 - 0.3 (Nominal value),"<0.03 (Vegetation, snow, water, ice)",>0.02 (Poor performance),1.5 - 2 K (Marginal performance)
19909,Pixel produced by TES but certain conditions are met that may degrade the LSTE accuracy 00 Pixel produced by TES  (Use cloud layer to filter cloudy pixels and select best quality),Missing stripe pixel in bands 1 and 5,Not set. Please check ECOSTRESS GEO and CLOUD products for this information.,Fast,0.2 - 0.3 (Nominal value),"<0.03 (Vegetation, snow, water, ice)",>0.02 (Poor performance),1.5 - 2 K (Marginal performance)
20160,Pixel produced by TES (Use cloud layer to filter cloudy pixels and select best quality),Good quality L1B data,Not set. Please check ECOSTRESS GEO and CLOUD products for this information.,Fast,0.1 - 0.2 (Nominal value),"<0.03 (Vegetation, snow, water, ice)",>0.02 (Poor performance),1.5 - 2 K (Marginal performance)
20165,Pixel produced by TES but certain conditions are met that may degrade the LSTE accuracy 00 Pixel produced by TES  (Use cloud layer to filter cloudy pixels and select best quality),Missing stripe pixel in bands 1 and 5,Not set. Please check ECOSTRESS GEO and CLOUD products for this information.,Fast,0.1 - 0.2 (Nominal value),"<0.03 (Vegetation, snow, water, ice)",>0.02 (Poor performance),1.5 - 2 K (Marginal performance)
32768,Pixel produced by TES (Use cloud layer to filter cloudy pixels and select best quality),Good quality L1B data,Not set. Please check ECOSTRESS GEO and CLOUD products for this information.,Slow convergence,">=3 (Warm, humid air; or cold land)",>0.15 (Most silicate rocks),>0.02 (Poor performance),1 - 1.5 K (Good performance)
32769,Pixel produced by TES but certain conditions are met that may degrade the LSTE accuracy 00 Pixel produced by TES  (Use cloud layer to filter cloudy pixels and select best quality),Good quality L1B data,Not set. Please check ECOSTRESS GEO and CLOUD products for this information.,Slow convergence,">=3 (Warm, humid air; or cold land)",>0.15 (Most silicate rocks),>0.02 (Poor performance),1 - 1.5 K (Good performance)
32773,Pixel produced by TES but certain conditions are met that may degrade the LSTE accuracy 00 Pixel produced by TES  (Use cloud layer to filter cloudy pixels and select best quality),Missing stripe pixel in bands 1 and 5,Not set. Please check ECOSTRESS GEO and CLOUD products for this information.,Slow convergence,">=3 (Warm, humid air; or cold land)",>0.15 (Most silicate rocks),>0.02 (Poor performance),1 - 1.5 K (Good performance)
32832,Pixel produced by TES (Use cloud layer to filter cloudy pixels and select best quality),Good quality L1B data,Not set. Please check ECOSTRESS GEO and CLOUD products for this information.,Nominal,">=3 (Warm, humid air; or cold land)",>0.15 (Most silicate rocks),>0.02 (Poor performance),1 - 1.5 K (Good performance)
32833,Pixel produced by TES but certain conditions are met that may degrade the LSTE accuracy 00 Pixel produced by TES  (Use cloud layer to filter cloudy pixels and select best quality),Good quality L1B data,Not set. Please check ECOSTRESS GEO and CLOUD products for this information.,Nominal,">=3 (Warm, humid air; or cold land)",>0.15 (Most silicate rocks),>0.02 (Poor performance),1 - 1.5 K (Good performance)
32837,Pixel produced by TES but certain conditions are met that may degrade the LSTE accuracy 00 Pixel produced by TES  (Use cloud layer to filter cloudy pixels and select best quality),Missing stripe pixel in bands 1 and 5,Not set. Please check ECOSTRESS GEO and CLOUD products for this information.,Nominal,">=3 (Warm, humid air; or cold land)",>0.15 (Most silicate rocks),>0.02 (Poor performance),1 - 1.5 K (Good performance)
32896,Pixel produced by TES (Use cloud layer to filter cloudy pixels and select best quality),Good quality L1B data,Not set. Please check ECOSTRESS GEO and CLOUD products for this information.,Nominal,">=3 (Warm, humid air; or cold land)",>0.15 (Most silicate rocks),>0.02 (Poor performance),1 - 1.5 K (Good performance)
32897,Pixel produced by TES but certain conditions are met that may degrade the LSTE accuracy 00 Pixel produced by TES  (Use cloud layer to filter cloudy pixels and select best quality),Good quality L1B data,Not set. Please check ECOSTRESS GEO and CLOUD products for this information.,Nominal,">=3 (Warm, humid air; or cold land)",>0.15 (Most silicate rocks),>0.02 (Poor performance),1 - 1.5 K (Good performance)
32901,Pixel produced by TES but certain conditions are met that may degrade the LSTE accuracy 00 Pixel produced by TES  (Use cloud layer to filter cloudy pixels and select best quality),Missing stripe pixel in bands 1 and 5,Not set. Please check ECOSTRESS GEO and CLOUD products for this information.,Nominal,">=3 (Warm, humid air; or cold land)",>0.15 (Most silicate rocks),>0.02 (Poor performance),1 - 1.5 K (Good performance)
32960,Pixel produced by TES (Use cloud layer to filter cloudy pixels and select best quality),Good quality L1B data,Not set. Please check ECOSTRESS GEO and CLOUD products for this information.,Fast,">=3 (Warm, humid air; or cold land)",>0.15 (Most silicate rocks),>0.02 (Poor performance),1 - 1.5 K (Good performance)
32961,Pixel produced by TES but certain conditions are met that may degrade the LSTE accuracy 00 Pixel produced by TES  (Use cloud layer to filter cloudy pixels and select best quality),Good quality L1B data,Not set. Please check ECOSTRESS GEO and CLOUD products for this information.,Fast,">=3 (Warm, humid air; or cold land)",>0.15 (Most silicate rocks),>0.02 (Poor performance),1 - 1.5 K (Good performance)
32965,Pixel produced by TES but certain conditions are met that may degrade the LSTE accuracy 00 Pixel produced by TES  (Use cloud layer to filter cloudy pixels and select best quality),Missing stripe pixel in bands 1 and 5,Not set. Please check ECOSTRESS GEO and CLOUD products for this information.,Fast,">=3 (Warm, humid air; or cold land)",>0.15 (Most silicate rocks),>0.02 (Poor performance),1 - 1.5 K (Good performance)
33024,Pixel produced by TES (Use cloud layer to filter cloudy pixels and select best quality),Good quality L1B data,Not set. Please check ECOSTRESS GEO and CLOUD products for this information.,Slow convergence,0.2 - 0.3 (Nominal value),>0.15 (Most silicate rocks),>0.02 (Poor performance),1 - 1.5 K (Good performance)
33088,Pixel produced by TES (Use cloud layer to filter cloudy pixels and select best quality),Good quality L1B data,Not set. Please check ECOSTRESS GEO and CLOUD products for this information.,Nominal,0.2 - 0.3 (Nominal value),>0.15 (Most silicate rocks),>0.02 (Poor performance),1 - 1.5 K (Good performance)
33152,Pixel produced by TES (Use cloud layer to filter cloudy pixels and select best quality),Good quality L1B data,Not set. Please check ECOSTRESS GEO and CLOUD products for this information.,Nominal,0.2 - 0.3 (Nominal value),>0.15 (Most silicate rocks),>0.02 (Poor performance),1 - 1.5 K (Good performance)
33157,Pixel produced by TES but certain conditions are met that may degrade the LSTE accuracy 00 Pixel produced by TES  (Use cloud layer to filter cloudy pixels and select best quality),Missing stripe pixel in bands 1 and 5,Not set. Please check ECOSTRESS GEO and CLOUD products for this information.,Nominal,0.2 - 0.3 (Nominal value),>0.15 (Most silicate rocks),>0.02 (Poor performance),1 - 1.5 K (Good performance)
33216,Pixel produced by TES (Use cloud layer to filter cloudy pixels and select best quality),Good quality L1B data,Not set. Please check ECOSTRESS GEO and CLOUD products for this information.,Fast,0.2 - 0.3 (Nominal value),>0.15 (Most silicate rocks),>0.02 (Poor performance),1 - 1.5 K (Good performance)
33217,Pixel produced by TES but certain conditions are met that may degrade the LSTE accuracy 00 Pixel produced by TES  (Use cloud layer to filter cloudy pixels and select best quality),Good quality L1B data,Not set. Please check ECOSTRESS GEO and CLOUD products for this information.,Fast,0.2 - 0.3 (Nominal value),>0.15 (Most silicate rocks),>0.02 (Poor performance),1 - 1.5 K (Good performance)
33221,Pixel produced by TES but certain conditions are met that may degrade the LSTE accuracy 00 Pixel produced by TES  (Use cloud layer to filter cloudy pixels and select best quality),Missing stripe pixel in bands 1 and 5,Not set. Please check ECOSTRESS GEO and CLOUD products for this information.,Fast,0.2 - 0.3 (Nominal value),>0.15 (Most silicate rocks),>0.02 (Poor performance),1 - 1.5 K (Good performance)
33472,Pixel produced by TES (Use cloud layer to filter cloudy pixels and select best quality),Good quality L1B data,Not set. Please check ECOSTRESS GEO and CLOUD products for this information.,Fast,0.1 - 0.2 (Nominal value),>0.15 (Most silicate rocks),>0.02 (Poor performance),1 - 1.5 K (Good performance)
33473,Pixel produced by TES but certain conditions are met that may degrade the LSTE accuracy 00 Pixel produced by TES  (Use cloud layer to filter cloudy pixels and select best quality),Good quality L1B data,Not set. Please check ECOSTRESS GEO and CLOUD products for this information.,Fast,0.1 - 0.2 (Nominal value),>0.15 (Most silicate rocks),>0.02 (Poor performance),1 - 1.5 K (Good performance)
33477,Pixel produced by TES but certain conditions are met that may degrade the LSTE accuracy 00 Pixel produced by TES  (Use cloud layer to filter cloudy pixels and select best quality),Missing stripe pixel in bands 1 and 5,Not set. Please check ECOSTRESS GEO and CLOUD products for this information.,Fast,0.1 - 0.2 (Nominal value),>0.15 (Most silicate rocks),>0.02 (Poor performance),1 - 1.5 K (Good performance)
33485,Pixel produced by TES but certain conditions are met that may degrade the LSTE accuracy 00 Pixel produced by TES  (Use cloud layer to filter cloudy pixels and select best quality),Missing/bad L1B data,Not set. Please check ECOSTRESS GEO and CLOUD products for this information.,Fast,0.1 - 0.2 (Nominal value),>0.15 (Most silicate rocks),>0.02 (Poor performance),1 - 1.5 K (Good performance)
33728,Pixel produced by TES (Use cloud layer to filter cloudy pixels and select best quality),Good quality L1B data,Not set. Please check ECOSTRESS GEO and CLOUD products for this information.,Fast,"<0.1 (Dry, or high altitude pixel)",>0.15 (Most silicate rocks),>0.02 (Poor performance),1 - 1.5 K (Good performance)
33729,Pixel produced by TES but certain conditions are met that may degrade the LSTE accuracy 00 Pixel produced by TES  (Use cloud layer to filter cloudy pixels and select best quality),Good quality L1B data,Not set. Please check ECOSTRESS GEO and CLOUD products for this information.,Fast,"<0.1 (Dry, or high altitude pixel)",>0.15 (Most silicate rocks),>0.02 (Poor performance),1 - 1.5 K (Good performance)
33733,Pixel produced by TES but certain conditions are met that may degrade the LSTE accuracy 00 Pixel produced by TES  (Use cloud layer to filter cloudy pixels and select best quality),Missing stripe pixel in bands 1 and 5,Not set. Please check ECOSTRESS GEO and CLOUD products for this information.,Fast,"<0.1 (Dry, or high altitude pixel)",>0.15 (Most silicate rocks),>0.02 (Poor performance),1 - 1.5 K (Good performance)
33741,Pixel produced by TES but certain conditions are met that may degrade the LSTE accuracy 00 Pixel produced by TES  (Use cloud layer to filter cloudy pixels and select best quality),Missing/bad L1B data,Not set. Please check ECOSTRESS GEO and CLOUD products for this information.,Fast,"<0.1 (Dry, or high altitude pixel)",>0.15 (Most silicate rocks),>0.02 (Poor performance),1 - 1.5 K (Good performance)
33984,Pixel produced by TES (Use cloud layer to filter cloudy pixels and select best quality),Good quality L1B data,Not set. Please check ECOSTRESS GEO and CLOUD products for this information.,Fast,">=3 (Warm, humid air; or cold land)","0.1 - 0.15 (Rocks, sand, some soils)",>0.02 (Poor performance),1 - 1.5 K (Good performance)
33985,Pixel produced by TES but certain conditions are met that may degrade the LSTE accuracy 00 Pixel produced by TES  (Use cloud layer to filter cloudy pixels and select best quality),Good quality L1B data,Not set. Please check ECOSTRESS GEO and CLOUD products for this information.,Fast,">=3 (Warm, humid air; or cold land)","0.1 - 0.15 (Rocks, sand, some soils)",>0.02 (Poor performance),1 - 1.5 K (Good performance)
33989,Pixel produced by TES but certain conditions are met that may degrade the LSTE accuracy 00 Pixel produced by TES  (Use cloud layer to filter cloudy pixels and select best quality),Missing stripe pixel in bands 1 and 5,Not set. Please check ECOSTRESS GEO and CLOUD products for this information.,Fast,">=3 (Warm, humid air; or cold land)","0.1 - 0.15 (Rocks, sand, some soils)",>0.02 (Poor performance),1 - 1.5 K (Good performance)
34240,Pixel produced by TES (Use cloud layer to filter cloudy pixels and select best quality),Good quality L1B data,Not set. Please check ECOSTRESS GEO and CLOUD products for this information.,Fast,0.2 - 0.3 (Nominal value),"0.1 - 0.15 (Rocks, sand, some soils)",>0.02 (Poor performance),1 - 1.5 K (Good performance)
34241,Pixel produced by TES but certain conditions are met that may degrade the LSTE accuracy 00 Pixel produced by TES  (Use cloud layer to filter cloudy pixels and select best quality),Good quality L1B data,Not set. Please check ECOSTRESS GEO and CLOUD products for this information.,Fast,0.2 - 0.3 (Nominal value),"0.1 - 0.15 (Rocks, sand, some soils)",>0.02 (Poor performance),1 - 1.5 K (Good performance)
34245,Pixel produced by TES but certain conditions are met that may degrade the LSTE accuracy 00 Pixel produced by TES  (Use cloud layer to filter cloudy pixels and select best quality),Missing stripe pixel in bands 1 and 5,Not set. Please check ECOSTRESS GEO and CLOUD products for this information.,Fast,0.2 - 0.3 (Nominal value),"0.1 - 0.15 (Rocks, sand, some soils)",>0.02 (Poor performance),1 - 1.5 K (Good performance)
34496,Pixel produced by TES (Use cloud layer to filter cloudy pixels and select best quality),Good quality L1B data,Not set. Please check ECOSTRESS GEO and CLOUD products for this information.,Fast,0.1 - 0.2 (Nominal value),"0.1 - 0.15 (Rocks, sand, some soils)",>0.02 (Poor performance),1 - 1.5 K (Good performance)
34497,Pixel produced by TES but certain conditions are met that may degrade the LSTE accuracy 00 Pixel produced by TES  (Use cloud layer to filter cloudy pixels and select best quality),Good quality L1B data,Not set. Please check ECOSTRESS GEO and CLOUD products for this information.,Fast,0.1 - 0.2 (Nominal value),"0.1 - 0.15 (Rocks, sand, some soils)",>0.02 (Poor performance),1 - 1.5 K (Good performance)
34501,Pixel produced by TES but certain conditions are met that may degrade the LSTE accuracy 00 Pixel produced by TES  (Use cloud layer to filter cloudy pixels and select best quality),Missing stripe pixel in bands 1 and 5,Not set. Please check ECOSTRESS GEO and CLOUD products for this information.,Fast,0.1 - 0.2 (Nominal value),"0.1 - 0.15 (Rocks, sand, some soils)",>0.02 (Poor performance),1 - 1.5 K (Good performance)
34752,Pixel produced by TES (Use cloud layer to filter cloudy pixels and select best quality),Good quality L1B data,Not set. Please check ECOSTRESS GEO and CLOUD products for this information.,Fast,"<0.1 (Dry, or high altitude pixel)","0.1 - 0.15 (Rocks, sand, some soils)",>0.02 (Poor performance),1 - 1.5 K (Good performance)
34753,Pixel produced by TES but certain conditions are met that may degrade the LSTE accuracy 00 Pixel produced by TES  (Use cloud layer to filter cloudy pixels and select best quality),Good quality L1B data,Not set. Please check ECOSTRESS GEO and CLOUD products for this information.,Fast,"<0.1 (Dry, or high altitude pixel)","0.1 - 0.15 (Rocks, sand, some soils)",>0.02 (Poor performance),1 - 1.5 K (Good performance)
34757,Pixel produced by TES but certain conditions are met that may degrade the LSTE accuracy 00 Pixel produced by TES  (Use cloud layer to filter cloudy pixels and select best quality),Missing stripe pixel in bands 1 and 5,Not set. Please check ECOSTRESS GEO and CLOUD products for this information.,Fast,"<0.1 (Dry, or high altitude pixel)","0.1 - 0.15 (Rocks, sand, some soils)",>0.02 (Poor performance),1 - 1.5 K (Good performance)
35008,Pixel produced by TES (Use cloud layer to filter cloudy pixels and select best quality),Good quality L1B data,Not set. Please check ECOSTRESS GEO and CLOUD products for this information.,Fast,">=3 (Warm, humid air; or cold land)","0.03 - 0.1 (Mostly soils, mixed pixel)",>0.02 (Poor performance),1 - 1.5 K (Good performance)
35009,Pixel produced by TES but certain conditions are met that may degrade the LSTE accuracy 00 Pixel produced by TES  (Use cloud layer to filter cloudy pixels and select best quality),Good quality L1B data,Not set. Please check ECOSTRESS GEO and CLOUD products for this information.,Fast,">=3 (Warm, humid air; or cold land)","0.03 - 0.1 (Mostly soils, mixed pixel)",>0.02 (Poor performance),1 - 1.5 K (Good performance)
35013,Pixel produced by TES but certain conditions are met that may degrade the LSTE accuracy 00 Pixel produced by TES  (Use cloud layer to filter cloudy pixels and select best quality),Missing stripe pixel in bands 1 and 5,Not set. Please check ECOSTRESS GEO and CLOUD products for this information.,Fast,">=3 (Warm, humid air; or cold land)","0.03 - 0.1 (Mostly soils, mixed pixel)",>0.02 (Poor performance),1 - 1.5 K (Good performance)
35264,Pixel produced by TES (Use cloud layer to filter cloudy pixels and select best quality),Good quality L1B data,Not set. Please check ECOSTRESS GEO and CLOUD products for this information.,Fast,0.2 - 0.3 (Nominal value),"0.03 - 0.1 (Mostly soils, mixed pixel)",>0.02 (Poor performance),1 - 1.5 K (Good performance)
35265,Pixel produced by TES but certain conditions are met that may degrade the LSTE accuracy 00 Pixel produced by TES  (Use cloud layer to filter cloudy pixels and select best quality),Good quality L1B data,Not set. Please check ECOSTRESS GEO and CLOUD products for this information.,Fast,0.2 - 0.3 (Nominal value),"0.03 - 0.1 (Mostly soils, mixed pixel)",>0.02 (Poor performance),1 - 1.5 K (Good performance)
35269,Pixel produced by TES but certain conditions are met that may degrade the LSTE accuracy 00 Pixel produced by TES  (Use cloud layer to filter cloudy pixels and select best quality),Missing stripe pixel in bands 1 and 5,Not set. Please check ECOSTRESS GEO and CLOUD products for this information.,Fast,0.2 - 0.3 (Nominal value),"0.03 - 0.1 (Mostly soils, mixed pixel)",>0.02 (Poor performance),1 - 1.5 K (Good performance)
35520,Pixel produced by TES (Use cloud layer to filter cloudy pixels and select best quality),Good quality L1B data,Not set. Please check ECOSTRESS GEO and CLOUD products for this information.,Fast,0.1 - 0.2 (Nominal value),"0.03 - 0.1 (Mostly soils, mixed pixel)",>0.02 (Poor performance),1 - 1.5 K (Good performance)
35521,Pixel produced by TES but certain conditions are met that may degrade the LSTE accuracy 00 Pixel produced by TES  (Use cloud layer to filter cloudy pixels and select best quality),Good quality L1B data,Not set. Please check ECOSTRESS GEO and CLOUD products for this information.,Fast,0.1 - 0.2 (Nominal value),"0.03 - 0.1 (Mostly soils, mixed pixel)",>0.02 (Poor performance),1 - 1.5 K (Good performance)
35525,Pixel produced by TES but certain conditions are met that may degrade the LSTE accuracy 00 Pixel produced by TES  (Use cloud layer to filter cloudy pixels and select best quality),Missing stripe pixel in bands 1 and 5,Not set. Please check ECOSTRESS GEO and CLOUD products for this information.,Fast,0.1 - 0.2 (Nominal value),"0.03 - 0.1 (Mostly soils, mixed pixel)",>0.02 (Poor performance),1 - 1.5 K (Good performance)
35776,Pixel produced by TES (Use cloud layer to filter cloudy pixels and select best quality),Good quality L1B data,Not set. Please check ECOSTRESS GEO and CLOUD products for this information.,Fast,"<0.1 (Dry, or high altitude pixel)","0.03 - 0.1 (Mostly soils, mixed pixel)",>0.02 (Poor performance),1 - 1.5 K (Good performance)
35777,Pixel produced by TES but certain conditions are met that may degrade the LSTE accuracy 00 Pixel produced by TES  (Use cloud layer to filter cloudy pixels and select best quality),Good quality L1B data,Not set. Please check ECOSTRESS GEO and CLOUD products for this information.,Fast,"<0.1 (Dry, or high altitude pixel)","0.03 - 0.1 (Mostly soils, mixed pixel)",>0.02 (Poor performance),1 - 1.5 K (Good performance)
35781,Pixel produced by TES but certain conditions are met that may degrade the LSTE accuracy 00 Pixel produced by TES  (Use cloud layer to filter cloudy pixels and select best quality),Missing stripe pixel in bands 1 and 5,Not set. Please check ECOSTRESS GEO and CLOUD products for this information.,Fast,"<0.1 (Dry, or high altitude pixel)","0.03 - 0.1 (Mostly soils, mixed pixel)",>0.02 (Poor performance),1 - 1.5 K (Good performance)
36032,Pixel produced by TES (Use cloud layer to filter cloudy pixels and select best quality),Good quality L1B data,Not set. Please check ECOSTRESS GEO and CLOUD products for this information.,Fast,">=3 (Warm, humid air; or cold land)","<0.03 (Vegetation, snow, water, ice)",>0.02 (Poor performance),1 - 1.5 K (Good performance)
36288,Pixel produced by TES (Use cloud layer to filter cloudy pixels and select best quality),Good quality L1B data,Not set. Please check ECOSTRESS GEO and CLOUD products for this information.,Fast,0.2 - 0.3 (Nominal value),"<0.03 (Vegetation, snow, water, ice)",>0.02 (Poor performance),1 - 1.5 K (Good performance)
36293,Pixel produced by TES but certain conditions are met that may degrade the LSTE accuracy 00 Pixel produced by TES  (Use cloud layer to filter cloudy pixels and select best quality),Missing stripe pixel in bands 1 and 5,Not set. Please check ECOSTRESS GEO and CLOUD products for this information.,Fast,0.2 - 0.3 (Nominal value),"<0.03 (Vegetation, snow, water, ice)",>0.02 (Poor performance),1 - 1.5 K (Good performance)
36544,Pixel produced by TES (Use cloud layer to filter cloudy pixels and select best quality),Good quality L1B data,Not set. Please check ECOSTRESS GEO and CLOUD products for this information.,Fast,0.1 - 0.2 (Nominal value),"<0.03 (Vegetation, snow, water, ice)",>0.02 (Poor performance),1 - 1.5 K (Good performance)
36549,Pixel produced by TES but certain conditions are met that may degrade the LSTE accuracy 00 Pixel produced by TES  (Use cloud layer to filter cloudy pixels and select best quality),Missing stripe pixel in bands 1 and 5,Not set. Please check ECOSTRESS GEO and CLOUD products for this information.,Fast,0.1 - 0.2 (Nominal value),"<0.03 (Vegetation, snow, water, ice)",>0.02 (Poor performance),1 - 1.5 K (Good performance)
36800,Pixel produced by TES (Use cloud layer to filter cloudy pixels and select best quality),Good quality L1B data,Not set. Please check ECOSTRESS GEO and CLOUD products for this information.,Fast,"<0.1 (Dry, or high altitude pixel)","<0.03 (Vegetation, snow, water, ice)",>0.02 (Poor performance),1 - 1.5 K (Good performance)
36805,Pixel produced by TES but certain conditions are met that may degrade the LSTE accuracy 00 Pixel produced by TES  (Use cloud layer to filter cloudy pixels and select best quality),Missing stripe pixel in bands 1 and 5,Not set. Please check ECOSTRESS GEO and CLOUD products for this information.,Fast,"<0.1 (Dry, or high altitude pixel)","<0.03 (Vegetation, snow, water, ice)",>0.02 (Poor performance),1 - 1.5 K (Good performance)
49152,Pixel produced by TES (Use cloud layer to filter cloudy pixels and select best quality),Good quality L1B data,Not set. Please check ECOSTRESS GEO and CLOUD products for this information.,Slow convergence,">=3 (Warm, humid air; or cold land)",>0.15 (Most silicate rocks),>0.02 (Poor performance),<1 K (Excellent performance)
49157,Pixel produced by TES but certain conditions are met that may degrade the LSTE accuracy 00 Pixel produced by TES  (Use cloud layer to filter cloudy pixels and select best quality),Missing stripe pixel in bands 1 and 5,Not set. Please check ECOSTRESS GEO and CLOUD products for this information.,Slow convergence,">=3 (Warm, humid air; or cold land)",>0.15 (Most silicate rocks),>0.02 (Poor performance),<1 K (Excellent performance)
49216,Pixel produced by TES (Use cloud layer to filter cloudy pixels and select best quality),Good quality L1B data,Not set. Please check ECOSTRESS GEO and CLOUD products for this information.,Nominal,">=3 (Warm, humid air; or cold land)",>0.15 (Most silicate rocks),>0.02 (Poor performance),<1 K (Excellent performance)
49221,Pixel produced by TES but certain conditions are met that may degrade the LSTE accuracy 00 Pixel produced by TES  (Use cloud layer to filter cloudy pixels and select best quality),Missing stripe pixel in bands 1 and 5,Not set. Please check ECOSTRESS GEO and CLOUD products for this information.,Nominal,">=3 (Warm, humid air; or cold land)",>0.15 (Most silicate rocks),>0.02 (Poor performance),<1 K (Excellent performance)
49280,Pixel produced by TES (Use cloud layer to filter cloudy pixels and select best quality),Good quality L1B data,Not set. Please check ECOSTRESS GEO and CLOUD products for this information.,Nominal,">=3 (Warm, humid air; or cold land)",>0.15 (Most silicate rocks),>0.02 (Poor performance),<1 K (Excellent performance)
49281,Pixel produced by TES but certain conditions are met that may degrade the LSTE accuracy 00 Pixel produced by TES  (Use cloud layer to filter cloudy pixels and select best quality),Good quality L1B data,Not set. Please check ECOSTRESS GEO and CLOUD products for this information.,Nominal,">=3 (Warm, humid air; or cold land)",>0.15 (Most silicate rocks),>0.02 (Poor performance),<1 K (Excellent performance)
49285,Pixel produced by TES but certain conditions are met that may degrade the LSTE accuracy 00 Pixel produced by TES  (Use cloud layer to filter cloudy pixels and select best quality),Missing stripe pixel in bands 1 and 5,Not set. Please check ECOSTRESS GEO and CLOUD products for this information.,Nominal,">=3 (Warm, humid air; or cold land)",>0.15 (Most silicate rocks),>0.02 (Poor performance),<1 K (Excellent performance)
49344,Pixel produced by TES (Use cloud layer to filter cloudy pixels and select best quality),Good quality L1B data,Not set. Please check ECOSTRESS GEO and CLOUD products for this information.,Fast,">=3 (Warm, humid air; or cold land)",>0.15 (Most silicate rocks),>0.02 (Poor performance),<1 K (Excellent performance)
49345,Pixel produced by TES but certain conditions are met that may degrade the LSTE accuracy 00 Pixel produced by TES  (Use cloud layer to filter cloudy pixels and select best quality),Good quality L1B data,Not set. Please check ECOSTRESS GEO and CLOUD products for this information.,Fast,">=3 (Warm, humid air; or cold land)",>0.15 (Most silicate rocks),>0.02 (Poor performance),<1 K (Excellent performance)
49349,Pixel produced by TES but certain conditions are met that may degrade the LSTE accuracy 00 Pixel produced by TES  (Use cloud layer to filter cloudy pixels and select best quality),Missing stripe pixel in bands 1 and 5,Not set. Please check ECOSTRESS GEO and CLOUD products for this information.,Fast,">=3 (Warm, humid air; or cold land)",>0.15 (Most silicate rocks),>0.02 (Poor performance),<1 K (Excellent performance)
49408,Pixel produced by TES (Use cloud layer to filter cloudy pixels and select best quality),Good quality L1B data,Not set. Please check ECOSTRESS GEO and CLOUD products for this information.,Slow convergence,0.2 - 0.3 (Nominal value),>0.15 (Most silicate rocks),>0.02 (Poor performance),<1 K (Excellent performance)
49472,Pixel produced by TES (Use cloud layer to filter cloudy pixels and select best quality),Good quality L1B data,Not set. Please check ECOSTRESS GEO and CLOUD products for this information.,Nominal,0.2 - 0.3 (Nominal value),>0.15 (Most silicate rocks),>0.02 (Poor performance),<1 K (Excellent performance)
49477,Pixel produced by TES but certain conditions are met that may degrade the LSTE accuracy 00 Pixel produced by TES  (Use cloud layer to filter cloudy pixels and select best quality),Missing stripe pixel in bands 1 and 5,Not set. Please check ECOSTRESS GEO and CLOUD products for this information.,Nominal,0.2 - 0.3 (Nominal value),>0.15 (Most silicate rocks),>0.02 (Poor performance),<1 K (Excellent performance)
49536,Pixel produced by TES (Use cloud layer to filter cloudy pixels and select best quality),Good quality L1B data,Not set. Please check ECOSTRESS GEO and CLOUD products for this information.,Nominal,0.2 - 0.3 (Nominal value),>0.15 (Most silicate rocks),>0.02 (Poor performance),<1 K (Excellent performance)
49541,Pixel produced by TES but certain conditions are met that may degrade the LSTE accuracy 00 Pixel produced by TES  (Use cloud layer to filter cloudy pixels and select best quality),Missing stripe pixel in bands 1 and 5,Not set. Please check ECOSTRESS GEO and CLOUD products for this information.,Nominal,0.2 - 0.3 (Nominal value),>0.15 (Most silicate rocks),>0.02 (Poor performance),<1 K (Excellent performance)
49600,Pixel produced by TES (Use cloud layer to filter cloudy pixels and select best quality),Good quality L1B data,Not set. Please check ECOSTRESS GEO and CLOUD products for this information.,Fast,0.2 - 0.3 (Nominal value),>0.15 (Most silicate rocks),>0.02 (Poor performance),<1 K (Excellent performance)
49601,Pixel produced by TES but certain conditions are met that may degrade the LSTE accuracy 00 Pixel produced by TES  (Use cloud layer to filter cloudy pixels and select best quality),Good quality L1B data,Not set. Please check ECOSTRESS GEO and CLOUD products for this information.,Fast,0.2 - 0.3 (Nominal value),>0.15 (Most silicate rocks),>0.02 (Poor performance),<1 K (Excellent performance)
49605,Pixel produced by TES but certain conditions are met that may degrade the LSTE accuracy 00 Pixel produced by TES  (Use cloud layer to filter cloudy pixels and select best quality),Missing stripe pixel in bands 1 and 5,Not set. Please check ECOSTRESS GEO and CLOUD products for this information.,Fast,0.2 - 0.3 (Nominal value),>0.15 (Most silicate rocks),>0.02 (Poor performance),<1 K (Excellent performance)
49856,Pixel produced by TES (Use cloud layer to filter cloudy pixels and select best quality),Good quality L1B data,Not set. Please check ECOSTRESS GEO and CLOUD products for this information.,Fast,0.1 - 0.2 (Nominal value),>0.15 (Most silicate rocks),>0.02 (Poor performance),<1 K (Excellent performance)
49857,Pixel produced by TES but certain conditions are met that may degrade the LSTE accuracy 00 Pixel produced by TES  (Use cloud layer to filter cloudy pixels and select best quality),Good quality L1B data,Not set. Please check ECOSTRESS GEO and CLOUD products for this information.,Fast,0.1 - 0.2 (Nominal value),>0.15 (Most silicate rocks),>0.02 (Poor performance),<1 K (Excellent performance)
49861,Pixel produced by TES but certain conditions are met that may degrade the LSTE accuracy 00 Pixel produced by TES  (Use cloud layer to filter cloudy pixels and select best quality),Missing stripe pixel in bands 1 and 5,Not set. Please check ECOSTRESS GEO and CLOUD products for this information.,Fast,0.1 - 0.2 (Nominal value),>0.15 (Most silicate rocks),>0.02 (Poor performance),<1 K (Excellent performance)
50112,Pixel produced by TES (Use cloud layer to filter cloudy pixels and select best quality),Good quality L1B data,Not set. Please check ECOSTRESS GEO and CLOUD products for this information.,Fast,"<0.1 (Dry, or high altitude pixel)",>0.15 (Most silicate rocks),>0.02 (Poor performance),<1 K (Excellent performance)
50113,Pixel produced by TES but certain conditions are met that may degrade the LSTE accuracy 00 Pixel produced by TES  (Use cloud layer to filter cloudy pixels and select best quality),Good quality L1B data,Not set. Please check ECOSTRESS GEO and CLOUD products for this information.,Fast,"<0.1 (Dry, or high altitude pixel)",>0.15 (Most silicate rocks),>0.02 (Poor performance),<1 K (Excellent performance)
50117,Pixel produced by TES but certain conditions are met that may degrade the LSTE accuracy 00 Pixel produced by TES  (Use cloud layer to filter cloudy pixels and select best quality),Missing stripe pixel in bands 1 and 5,Not set. Please check ECOSTRESS GEO and CLOUD products for this information.,Fast,"<0.1 (Dry, or high altitude pixel)",>0.15 (Most silicate rocks),>0.02 (Poor performance),<1 K (Excellent performance)
50125,Pixel produced by TES but certain conditions are met that may degrade the LSTE accuracy 00 Pixel produced by TES  (Use cloud layer to filter cloudy pixels and select best quality),Missing/bad L1B data,Not set. Please check ECOSTRESS GEO and CLOUD products for this information.,Fast,"<0.1 (Dry, or high altitude pixel)",>0.15 (Most silicate rocks),>0.02 (Poor performance),<1 K (Excellent performance)
50368,Pixel produced by TES (Use cloud layer to filter cloudy pixels and select best quality),Good quality L1B data,Not set. Please check ECOSTRESS GEO and CLOUD products for this information.,Fast,">=3 (Warm, humid air; or cold land)","0.1 - 0.15 (Rocks, sand, some soils)",>0.02 (Poor performance),<1 K (Excellent performance)
50369,Pixel produced by TES but certain conditions are met that may degrade the LSTE accuracy 00 Pixel produced by TES  (Use cloud layer to filter cloudy pixels and select best quality),Good quality L1B data,Not set. Please check ECOSTRESS GEO and CLOUD products for this information.,Fast,">=3 (Warm, humid air; or cold land)","0.1 - 0.15 (Rocks, sand, some soils)",>0.02 (Poor performance),<1 K (Excellent performance)
50373,Pixel produced by TES but certain conditions are met that may degrade the LSTE accuracy 00 Pixel produced by TES  (Use cloud layer to filter cloudy pixels and select best quality),Missing stripe pixel in bands 1 and 5,Not set. Please check ECOSTRESS GEO and CLOUD products for this information.,Fast,">=3 (Warm, humid air; or cold land)","0.1 - 0.15 (Rocks, sand, some soils)",>0.02 (Poor performance),<1 K (Excellent performance)
50624,Pixel produced by TES (Use cloud layer to filter cloudy pixels and select best quality),Good quality L1B data,Not set. Please check ECOSTRESS GEO and CLOUD products for this information.,Fast,0.2 - 0.3 (Nominal value),"0.1 - 0.15 (Rocks, sand, some soils)",>0.02 (Poor performance),<1 K (Excellent performance)
50625,Pixel produced by TES but certain conditions are met that may degrade the LSTE accuracy 00 Pixel produced by TES  (Use cloud layer to filter cloudy pixels and select best quality),Good quality L1B data,Not set. Please check ECOSTRESS GEO and CLOUD products for this information.,Fast,0.2 - 0.3 (Nominal value),"0.1 - 0.15 (Rocks, sand, some soils)",>0.02 (Poor performance),<1 K (Excellent performance)
50629,Pixel produced by TES but certain conditions are met that may degrade the LSTE accuracy 00 Pixel produced by TES  (Use cloud layer to filter cloudy pixels and select best quality),Missing stripe pixel in bands 1 and 5,Not set. Please check ECOSTRESS GEO and CLOUD products for this information.,Fast,0.2 - 0.3 (Nominal value),"0.1 - 0.15 (Rocks, sand, some soils)",>0.02 (Poor performance),<1 K (Excellent performance)
50880,Pixel produced by TES (Use cloud layer to filter cloudy pixels and select best quality),Good quality L1B data,Not set. Please check ECOSTRESS GEO and CLOUD products for this information.,Fast,0.1 - 0.2 (Nominal value),"0.1 - 0.15 (Rocks, sand, some soils)",>0.02 (Poor performance),<1 K (Excellent performance)
50881,Pixel produced by TES but certain conditions are met that may degrade the LSTE accuracy 00 Pixel produced by TES  (Use cloud layer to filter cloudy pixels and select best quality),Good quality L1B data,Not set. Please check ECOSTRESS GEO and CLOUD products for this information.,Fast,0.1 - 0.2 (Nominal value),"0.1 - 0.15 (Rocks, sand, some soils)",>0.02 (Poor performance),<1 K (Excellent performance)
50885,Pixel produced by TES but certain conditions are met that may degrade the LSTE accuracy 00 Pixel produced by TES  (Use cloud layer to filter cloudy pixels and select best quality),Missing stripe pixel in bands 1 and 5,Not set. Please check ECOSTRESS GEO and CLOUD products for this information.,Fast,0.1 - 0.2 (Nominal value),"0.1 - 0.15 (Rocks, sand, some soils)",>0.02 (Poor performance),<1 K (Excellent performance)
51136,Pixel produced by TES (Use cloud layer to filter cloudy pixels and select best quality),Good quality L1B data,Not set. Please check ECOSTRESS GEO and CLOUD products for this information.,Fast,"<0.1 (Dry, or high altitude pixel)","0.1 - 0.15 (Rocks, sand, some soils)",>0.02 (Poor performance),<1 K (Excellent performance)
51137,Pixel produced by TES but certain conditions are met that may degrade the LSTE accuracy 00 Pixel produced by TES  (Use cloud layer to filter cloudy pixels and select best quality),Good quality L1B data,Not set. Please check ECOSTRESS GEO and CLOUD products for this information.,Fast,"<0.1 (Dry, or high altitude pixel)","0.1 - 0.15 (Rocks, sand, some soils)",>0.02 (Poor performance),<1 K (Excellent performance)
51141,Pixel produced by TES but certain conditions are met that may degrade the LSTE accuracy 00 Pixel produced by TES  (Use cloud layer to filter cloudy pixels and select best quality),Missing stripe pixel in bands 1 and 5,Not set. Please check ECOSTRESS GEO and CLOUD products for this information.,Fast,"<0.1 (Dry, or high altitude pixel)","0.1 - 0.15 (Rocks, sand, some soils)",>0.02 (Poor performance),<1 K (Excellent performance)
51149,Pixel produced by TES but certain conditions are met that may degrade the LSTE accuracy 00 Pixel produced by TES  (Use cloud layer to filter cloudy pixels and select best quality),Missing/bad L1B data,Not set. Please check ECOSTRESS GEO and CLOUD products for this information.,Fast,"<0.1 (Dry, or high altitude pixel)","0.1 - 0.15 (Rocks, sand, some soils)",>0.02 (Poor performance),<1 K (Excellent performance)
51392,Pixel produced by TES (Use cloud layer to filter cloudy pixels and select best quality),Good quality L1B data,Not set. Please check ECOSTRESS GEO and CLOUD products for this information.,Fast,">=3 (Warm, humid air; or cold land)","0.03 - 0.1 (Mostly soils, mixed pixel)",>0.02 (Poor performance),<1 K (Excellent performance)
51393,Pixel produced by TES but certain conditions are met that may degrade the LSTE accuracy 00 Pixel produced by TES  (Use cloud layer to filter cloudy pixels and select best quality),Good quality L1B data,Not set. Please check ECOSTRESS GEO and CLOUD products for this information.,Fast,">=3 (Warm, humid air; or cold land)","0.03 - 0.1 (Mostly soils, mixed pixel)",>0.02 (Poor performance),<1 K (Excellent performance)
51397,Pixel produced by TES but certain conditions are met that may degrade the LSTE accuracy 00 Pixel produced by TES  (Use cloud layer to filter cloudy pixels and select best quality),Missing stripe pixel in bands 1 and 5,Not set. Please check ECOSTRESS GEO and CLOUD products for this information.,Fast,">=3 (Warm, humid air; or cold land)","0.03 - 0.1 (Mostly soils, mixed pixel)",>0.02 (Poor performance),<1 K (Excellent performance)
51648,Pixel produced by TES (Use cloud layer to filter cloudy pixels and select best quality),Good quality L1B data,Not set. Please check ECOSTRESS GEO and CLOUD products for this information.,Fast,0.2 - 0.3 (Nominal value),"0.03 - 0.1 (Mostly soils, mixed pixel)",>0.02 (Poor performance),<1 K (Excellent performance)
51649,Pixel produced by TES but certain conditions are met that may degrade the LSTE accuracy 00 Pixel produced by TES  (Use cloud layer to filter cloudy pixels and select best quality),Good quality L1B data,Not set. Please check ECOSTRESS GEO and CLOUD products for this information.,Fast,0.2 - 0.3 (Nominal value),"0.03 - 0.1 (Mostly soils, mixed pixel)",>0.02 (Poor performance),<1 K (Excellent performance)
51653,Pixel produced by TES but certain conditions are met that may degrade the LSTE accuracy 00 Pixel produced by TES  (Use cloud layer to filter cloudy pixels and select best quality),Missing stripe pixel in bands 1 and 5,Not set. Please check ECOSTRESS GEO and CLOUD products for this information.,Fast,0.2 - 0.3 (Nominal value),"0.03 - 0.1 (Mostly soils, mixed pixel)",>0.02 (Poor performance),<1 K (Excellent performance)
51904,Pixel produced by TES (Use cloud layer to filter cloudy pixels and select best quality),Good quality L1B data,Not set. Please check ECOSTRESS GEO and CLOUD products for this information.,Fast,0.1 - 0.2 (Nominal value),"0.03 - 0.1 (Mostly soils, mixed pixel)",>0.02 (Poor performance),<1 K (Excellent performance)
51905,Pixel produced by TES but certain conditions are met that may degrade the LSTE accuracy 00 Pixel produced by TES  (Use cloud layer to filter cloudy pixels and select best quality),Good quality L1B data,Not set. Please check ECOSTRESS GEO and CLOUD products for this information.,Fast,0.1 - 0.2 (Nominal value),"0.03 - 0.1 (Mostly soils, mixed pixel)",>0.02 (Poor performance),<1 K (Excellent performance)
51909,Pixel produced by TES but certain conditions are met that may degrade the LSTE accuracy 00 Pixel produced by TES  (Use cloud layer to filter cloudy pixels and select best quality),Missing stripe pixel in bands 1 and 5,Not set. Please check ECOSTRESS GEO and CLOUD products for this information.,Fast,0.1 - 0.2 (Nominal value),"0.03 - 0.1 (Mostly soils, mixed pixel)",>0.02 (Poor performance),<1 K (Excellent performance)
52160,Pixel produced by TES (Use cloud layer to filter cloudy pixels and select best quality),Good quality L1B data,Not set. Please check ECOSTRESS GEO and CLOUD products for this information.,Fast,"<0.1 (Dry, or high altitude pixel)","0.03 - 0.1 (Mostly soils, mixed pixel)",>0.02 (Poor performance),<1 K (Excellent performance)
52161,Pixel produced by TES but certain conditions are met that may degrade the LSTE accuracy 00 Pixel produced by TES  (Use cloud layer to filter cloudy pixels and select best quality),Good quality L1B data,Not set. Please check ECOSTRESS GEO and CLOUD products for this information.,Fast,"<0.1 (Dry, or high altitude pixel)","0.03 - 0.1 (Mostly soils, mixed pixel)",>0.02 (Poor performance),<1 K (Excellent performance)
52165,Pixel produced by TES but certain conditions are met that may degrade the LSTE accuracy 00 Pixel produced by TES  (Use cloud layer to filter cloudy pixels and select best quality),Missing stripe pixel in bands 1 and 5,Not set. Please check ECOSTRESS GEO and CLOUD products for this information.,Fast,"<0.1 (Dry, or high altitude pixel)","0.03 - 0.1 (Mostly soils, mixed pixel)",>0.02 (Poor performance),<1 K (Excellent performance)
52173,Pixel produced by TES but certain conditions are met that may degrade the LSTE accuracy 00 Pixel produced by TES  (Use cloud layer to filter cloudy pixels and select best quality),Missing/bad L1B data,Not set. Please check ECOSTRESS GEO and CLOUD products for this information.,Fast,"<0.1 (Dry, or high altitude pixel)","0.03 - 0.1 (Mostly soils, mixed pixel)",>0.02 (Poor performance),<1 K (Excellent performance)
52416,Pixel produced by TES (Use cloud layer to filter cloudy pixels and select best quality),Good quality L1B data,Not set. Please check ECOSTRESS GEO and CLOUD products for this information.,Fast,">=3 (Warm, humid air; or cold land)","<0.03 (Vegetation, snow, water, ice)",>0.02 (Poor performance),<1 K (Excellent performance)
52672,Pixel produced by TES (Use cloud layer to filter cloudy pixels and select best quality),Good quality L1B data,Not set. Please check ECOSTRESS GEO and CLOUD products for this information.,Fast,0.2 - 0.3 (Nominal value),"<0.03 (Vegetation, snow, water, ice)",>0.02 (Poor performance),<1 K (Excellent performance)
52677,Pixel produced by TES but certain conditions are met that may degrade the LSTE accuracy 00 Pixel produced by TES  (Use cloud layer to filter cloudy pixels and select best quality),Missing stripe pixel in bands 1 and 5,Not set. Please check ECOSTRESS GEO and CLOUD products for this information.,Fast,0.2 - 0.3 (Nominal value),"<0.03 (Vegetation, snow, water, ice)",>0.02 (Poor performance),<1 K (Excellent performance)
52928,Pixel produced by TES (Use cloud layer to filter cloudy pixels and select best quality),Good quality L1B data,Not set. Please check ECOSTRESS GEO and CLOUD products for this information.,Fast,0.1 - 0.2 (Nominal value),"<0.03 (Vegetation, snow, water, ice)",>0.02 (Poor performance),<1 K (Excellent performance)
52933,Pixel produced by TES but certain conditions are met that may degrade the LSTE accuracy 00 Pixel produced by TES  (Use cloud layer to filter cloudy pixels and select best quality),Missing stripe pixel in bands 1 and 5,Not set. Please check ECOSTRESS GEO and CLOUD products for this information.,Fast,0.1 - 0.2 (Nominal value),"<0.03 (Vegetation, snow, water, ice)",>0.02 (Poor performance),<1 K (Excellent performance)
53184,Pixel produced by TES (Use cloud layer to filter cloudy pixels and select best quality),Good quality L1B data,Not set. Please check ECOSTRESS GEO and CLOUD products for this information.,Fast,"<0.1 (Dry, or high altitude pixel)","<0.03 (Vegetation, snow, water, ice)",>0.02 (Poor performance),<1 K (Excellent performance)
53189,Pixel produced by TES but certain conditions are met that may degrade the LSTE accuracy 00 Pixel produced by TES  (Use cloud layer to filter cloudy pixels and select best quality),Missing stripe pixel in bands 1 and 5,Not set. Please check ECOSTRESS GEO and CLOUD products for this information.,Fast,"<0.1 (Dry, or high altitude pixel)","<0.03 (Vegetation, snow, water, ice)",>0.02 (Poor performance),<1 K (Excellent performance)
53952,Pixel produced by TES (Use cloud layer to filter cloudy pixels and select best quality),Good quality L1B data,Not set. Please check ECOSTRESS GEO and CLOUD products for this information.,Fast,0.1 - 0.2 (Nominal value),>0.15 (Most silicate rocks),0.015 - 0.02 (Marginal performance),<1 K (Excellent performance)
53953,Pixel produced by TES but certain conditions are met that may degrade the LSTE accuracy 00 Pixel produced by TES  (Use cloud layer to filter cloudy pixels and select best quality),Good quality L1B data,Not set. Please check ECOSTRESS GEO and CLOUD products for this information.,Fast,0.1 - 0.2 (Nominal value),>0.15 (Most silicate rocks),0.015 - 0.02 (Marginal performance),<1 K (Excellent performance)
53957,Pixel produced by TES but certain conditions are met that may degrade the LSTE accuracy 00 Pixel produced by TES  (Use cloud layer to filter cloudy pixels and select best quality),Missing stripe pixel in bands 1 and 5,Not set. Please check ECOSTRESS GEO and CLOUD products for this information.,Fast,0.1 - 0.2 (Nominal value),>0.15 (Most silicate rocks),0.015 - 0.02 (Marginal performance),<1 K (Excellent performance)
54208,Pixel produced by TES (Use cloud layer to filter cloudy pixels and select best quality),Good quality L1B data,Not set. Please check ECOSTRESS GEO and CLOUD products for this information.,Fast,"<0.1 (Dry, or high altitude pixel)",>0.15 (Most silicate rocks),0.015 - 0.02 (Marginal performance),<1 K (Excellent performance)
54209,Pixel produced by TES but certain conditions are met that may degrade the LSTE accuracy 00 Pixel produced by TES  (Use cloud layer to filter cloudy pixels and select best quality),Good quality L1B data,Not set. Please check ECOSTRESS GEO and CLOUD products for this information.,Fast,"<0.1 (Dry, or high altitude pixel)",>0.15 (Most silicate rocks),0.015 - 0.02 (Marginal performance),<1 K (Excellent performance)
54213,Pixel produced by TES but certain conditions are met that may degrade the LSTE accuracy 00 Pixel produced by TES  (Use cloud layer to filter cloudy pixels and select best quality),Missing stripe pixel in bands 1 and 5,Not set. Please check ECOSTRESS GEO and CLOUD products for this information.,Fast,"<0.1 (Dry, or high altitude pixel)",>0.15 (Most silicate rocks),0.015 - 0.02 (Marginal performance),<1 K (Excellent performance)
54221,Pixel produced by TES but certain conditions are met that may degrade the LSTE accuracy 00 Pixel produced by TES  (Use cloud layer to filter cloudy pixels and select best quality),Missing/bad L1B data,Not set. Please check ECOSTRESS GEO and CLOUD products for this information.,Fast,"<0.1 (Dry, or high altitude pixel)",>0.15 (Most silicate rocks),0.015 - 0.02 (Marginal performance),<1 K (Excellent performance)
54976,Pixel produced by TES (Use cloud layer to filter cloudy pixels and select best quality),Good quality L1B data,Not set. Please check ECOSTRESS GEO and CLOUD products for this information.,Fast,0.1 - 0.2 (Nominal value),"0.1 - 0.15 (Rocks, sand, some soils)",0.015 - 0.02 (Marginal performance),<1 K (Excellent performance)
54977,Pixel produced by TES but certain conditions are met that may degrade the LSTE accuracy 00 Pixel produced by TES  (Use cloud layer to filter cloudy pixels and select best quality),Good quality L1B data,Not set. Please check ECOSTRESS GEO and CLOUD products for this information.,Fast,0.1 - 0.2 (Nominal value),"0.1 - 0.15 (Rocks, sand, some soils)",0.015 - 0.02 (Marginal performance),<1 K (Excellent performance)
54981,Pixel produced by TES but certain conditions are met that may degrade the LSTE accuracy 00 Pixel produced by TES  (Use cloud layer to filter cloudy pixels and select best quality),Missing stripe pixel in bands 1 and 5,Not set. Please check ECOSTRESS GEO and CLOUD products for this information.,Fast,0.1 - 0.2 (Nominal value),"0.1 - 0.15 (Rocks, sand, some soils)",0.015 - 0.02 (Marginal performance),<1 K (Excellent performance)
55232,Pixel produced by TES (Use cloud layer to filter cloudy pixels and select best quality),Good quality L1B data,Not set. Please check ECOSTRESS GEO and CLOUD products for this information.,Fast,"<0.1 (Dry, or high altitude pixel)","0.1 - 0.15 (Rocks, sand, some soils)",0.015 - 0.02 (Marginal performance),<1 K (Excellent performance)
55233,Pixel produced by TES but certain conditions are met that may degrade the LSTE accuracy 00 Pixel produced by TES  (Use cloud layer to filter cloudy pixels and select best quality),Good quality L1B data,Not set. Please check ECOSTRESS GEO and CLOUD products for this information.,Fast,"<0.1 (Dry, or high altitude pixel)","0.1 - 0.15 (Rocks, sand, some soils)",0.015 - 0.02 (Marginal performance),<1 K (Excellent performance)
55237,Pixel produced by TES but certain conditions are met that may degrade the LSTE accuracy 00 Pixel produced by TES  (Use cloud layer to filter cloudy pixels and select best quality),Missing stripe pixel in bands 1 and 5,Not set. Please check ECOSTRESS GEO and CLOUD products for this information.,Fast,"<0.1 (Dry, or high altitude pixel)","0.1 - 0.15 (Rocks, sand, some soils)",0.015 - 0.02 (Marginal performance),<1 K (Excellent performance)
55245,Pixel produced by TES but certain conditions are met that may degrade the LSTE accuracy 00 Pixel produced by TES  (Use cloud layer to filter cloudy pixels and select best quality),Missing/bad L1B data,Not set. Please check ECOSTRESS GEO and CLOUD products for this information.,Fast,"<0.1 (Dry, or high altitude pixel)","0.1 - 0.15 (Rocks, sand, some soils)",0.015 - 0.02 (Marginal performance),<1 K (Excellent performance)
56000,Pixel produced by TES (Use cloud layer to filter cloudy pixels and select best quality),Good quality L1B data,Not set. Please check ECOSTRESS GEO and CLOUD products for this information.,Fast,0.1 - 0.2 (Nominal value),"0.03 - 0.1 (Mostly soils, mixed pixel)",0.015 - 0.02 (Marginal performance),<1 K (Excellent performance)
56001,Pixel produced by TES but certain conditions are met that may degrade the LSTE accuracy 00 Pixel produced by TES  (Use cloud layer to filter cloudy pixels and select best quality),Good quality L1B data,Not set. Please check ECOSTRESS GEO and CLOUD products for this information.,Fast,0.1 - 0.2 (Nominal value),"0.03 - 0.1 (Mostly soils, mixed pixel)",0.015 - 0.02 (Marginal performance),<1 K (Excellent performance)
56005,Pixel produced by TES but certain conditions are met that may degrade the LSTE accuracy 00 Pixel produced by TES  (Use cloud layer to filter cloudy pixels and select best quality),Missing stripe pixel in bands 1 and 5,Not set. Please check ECOSTRESS GEO and CLOUD products for this information.,Fast,0.1 - 0.2 (Nominal value),"0.03 - 0.1 (Mostly soils, mixed pixel)",0.015 - 0.02 (Marginal performance),<1 K (Excellent performance)
56256,Pixel produced by TES (Use cloud layer to filter cloudy pixels and select best quality),Good quality L1B data,Not set. Please check ECOSTRESS GEO and CLOUD products for this information.,Fast,"<0.1 (Dry, or high altitude pixel)","0.03 - 0.1 (Mostly soils, mixed pixel)",0.015 - 0.02 (Marginal performance),<1 K (Excellent performance)
56257,Pixel produced by TES but certain conditions are met that may degrade the LSTE accuracy 00 Pixel produced by TES  (Use cloud layer to filter cloudy pixels and select best quality),Good quality L1B data,Not set. Please check ECOSTRESS GEO and CLOUD products for this information.,Fast,"<0.1 (Dry, or high altitude pixel)","0.03 - 0.1 (Mostly soils, mixed pixel)",0.015 - 0.02 (Marginal performance),<1 K (Excellent performance)
56261,Pixel produced by TES but certain conditions are met that may degrade the LSTE accuracy 00 Pixel produced by TES  (Use cloud layer to filter cloudy pixels and select best quality),Missing stripe pixel in bands 1 and 5,Not set. Please check ECOSTRESS GEO and CLOUD products for this information.,Fast,"<0.1 (Dry, or high altitude pixel)","0.03 - 0.1 (Mostly soils, mixed pixel)",0.015 - 0.02 (Marginal performance),<1 K (Excellent performance)
56269,Pixel produced by TES but certain conditions are met that may degrade the LSTE accuracy 00 Pixel produced by TES  (Use cloud layer to filter cloudy pixels and select best quality),Missing/bad L1B data,Not set. Please check ECOSTRESS GEO and CLOUD products for this information.,Fast,"<0.1 (Dry, or high altitude pixel)","0.03 - 0.1 (Mostly soils, mixed pixel)",0.015 - 0.02 (Marginal performance),<1 K (Excellent performance)
57024,Pixel produced by TES (Use cloud layer to filter cloudy pixels and select best quality),Good quality L1B data,Not set. Please check ECOSTRESS GEO and CLOUD products for this information.,Fast,0.1 - 0.2 (Nominal value),"<0.03 (Vegetation, snow, water, ice)",0.015 - 0.02 (Marginal performance),<1 K (Excellent performance)
57029,Pixel produced by TES but certain conditions are met that may degrade the LSTE accuracy 00 Pixel produced by TES  (Use cloud layer to filter cloudy pixels and select best quality),Missing stripe pixel in bands 1 and 5,Not set. Please check ECOSTRESS GEO and CLOUD products for this information.,Fast,0.1 - 0.2 (Nominal value),"<0.03 (Vegetation, snow, water, ice)",0.015 - 0.02 (Marginal performance),<1 K (Excellent performance)
57280,Pixel produced by TES (Use cloud layer to filter cloudy pixels and select best quality),Good quality L1B data,Not set. Please check ECOSTRESS GEO and CLOUD products for this information.,Fast,"<0.1 (Dry, or high altitude pixel)","<0.03 (Vegetation, snow, water, ice)",0.015 - 0.02 (Marginal performance),<1 K (Excellent performance)
57285,Pixel produced by TES but certain conditions are met that may degrade the LSTE accuracy 00 Pixel produced by TES  (Use cloud layer to filter cloudy pixels and select best quality),Missing stripe pixel in bands 1 and 5,Not set. Please check ECOSTRESS GEO and CLOUD products for this information.,Fast,"<0.1 (Dry, or high altitude pixel)","<0.03 (Vegetation, snow, water, ice)",0.015 - 0.02 (Marginal performance),<1 K (Excellent performance)
58048,Pixel produced by TES (Use cloud layer to filter cloudy pixels and select best quality),Good quality L1B data,Not set. Please check ECOSTRESS GEO and CLOUD products for this information.,Fast,0.1 - 0.2 (Nominal value),>0.15 (Most silicate rocks),0.01 - 0.015 (Good performance),<1 K (Excellent performance)
58049,Pixel produced by TES but certain conditions are met that may degrade the LSTE accuracy 00 Pixel produced by TES  (Use cloud layer to filter cloudy pixels and select best quality),Good quality L1B data,Not set. Please check ECOSTRESS GEO and CLOUD products for this information.,Fast,0.1 - 0.2 (Nominal value),>0.15 (Most silicate rocks),0.01 - 0.015 (Good performance),<1 K (Excellent performance)
58053,Pixel produced by TES but certain conditions are met that may degrade the LSTE accuracy 00 Pixel produced by TES  (Use cloud layer to filter cloudy pixels and select best quality),Missing stripe pixel in bands 1 and 5,Not set. Please check ECOSTRESS GEO and CLOUD products for this information.,Fast,0.1 - 0.2 (Nominal value),>0.15 (Most silicate rocks),0.01 - 0.015 (Good performance),<1 K (Excellent performance)
58304,Pixel produced by TES (Use cloud layer to filter cloudy pixels and select best quality),Good quality L1B data,Not set. Please check ECOSTRESS GEO and CLOUD products for this information.,Fast,"<0.1 (Dry, or high altitude pixel)",>0.15 (Most silicate rocks),0.01 - 0.015 (Good performance),<1 K (Excellent performance)
58305,Pixel produced by TES but certain conditions are met that may degrade the LSTE accuracy 00 Pixel produced by TES  (Use cloud layer to filter cloudy pixels and select best quality),Good quality L1B data,Not set. Please check ECOSTRESS GEO and CLOUD products for this information.,Fast,"<0.1 (Dry, or high altitude pixel)",>0.15 (Most silicate rocks),0.01 - 0.015 (Good performance),<1 K (Excellent performance)
58309,Pixel produced by TES but certain conditions are met that may degrade the LSTE accuracy 00 Pixel produced by TES  (Use cloud layer to filter cloudy pixels and select best quality),Missing stripe pixel in bands 1 and 5,Not set. Please check ECOSTRESS GEO and CLOUD products for this information.,Fast,"<0.1 (Dry, or high altitude pixel)",>0.15 (Most silicate rocks),0.01 - 0.015 (Good performance),<1 K (Excellent performance)
58317,Pixel produced by TES but certain conditions are met that may degrade the LSTE accuracy 00 Pixel produced by TES  (Use cloud layer to filter cloudy pixels and select best quality),Missing/bad L1B data,Not set. Please check ECOSTRESS GEO and CLOUD products for this information.,Fast,"<0.1 (Dry, or high altitude pixel)",>0.15 (Most silicate rocks),0.01 - 0.015 (Good performance),<1 K (Excellent performance)
59072,Pixel produced by TES (Use cloud layer to filter cloudy pixels and select best quality),Good quality L1B data,Not set. Please check ECOSTRESS GEO and CLOUD products for this information.,Fast,0.1 - 0.2 (Nominal value),"0.1 - 0.15 (Rocks, sand, some soils)",0.01 - 0.015 (Good performance),<1 K (Excellent performance)
59073,Pixel produced by TES but certain conditions are met that may degrade the LSTE accuracy 00 Pixel produced by TES  (Use cloud layer to filter cloudy pixels and select best quality),Good quality L1B data,Not set. Please check ECOSTRESS GEO and CLOUD products for this information.,Fast,0.1 - 0.2 (Nominal value),"0.1 - 0.15 (Rocks, sand, some soils)",0.01 - 0.015 (Good performance),<1 K (Excellent performance)
59077,Pixel produced by TES but certain conditions are met that may degrade the LSTE accuracy 00 Pixel produced by TES  (Use cloud layer to filter cloudy pixels and select best quality),Missing stripe pixel in bands 1 and 5,Not set. Please check ECOSTRESS GEO and CLOUD products for this information.,Fast,0.1 - 0.2 (Nominal value),"0.1 - 0.15 (Rocks, sand, some soils)",0.01 - 0.015 (Good performance),<1 K (Excellent performance)
59328,Pixel produced by TES (Use cloud layer to filter cloudy pixels and select best quality),Good quality L1B data,Not set. Please check ECOSTRESS GEO and CLOUD products for this information.,Fast,"<0.1 (Dry, or high altitude pixel)","0.1 - 0.15 (Rocks, sand, some soils)",0.01 - 0.015 (Good performance),<1 K (Excellent performance)
59329,Pixel produced by TES but certain conditions are met that may degrade the LSTE accuracy 00 Pixel produced by TES  (Use cloud layer to filter cloudy pixels and select best quality),Good quality L1B data,Not set. Please check ECOSTRESS GEO and CLOUD products for this information.,Fast,"<0.1 (Dry, or high altitude pixel)","0.1 - 0.15 (Rocks, sand, some soils)",0.01 - 0.015 (Good performance),<1 K (Excellent performance)
59333,Pixel produced by TES but certain conditions are met that may degrade the LSTE accuracy 00 Pixel produced by TES  (Use cloud layer to filter cloudy pixels and select best quality),Missing stripe pixel in bands 1 and 5,Not set. Please check ECOSTRESS GEO and CLOUD products for this information.,Fast,"<0.1 (Dry, or high altitude pixel)","0.1 - 0.15 (Rocks, sand, some soils)",0.01 - 0.015 (Good performance),<1 K (Excellent performance)
60096,Pixel produced by TES (Use cloud layer to filter cloudy pixels and select best quality),Good quality L1B data,Not set. Please check ECOSTRESS GEO and CLOUD products for this information.,Fast,0.1 - 0.2 (Nominal value),"0.03 - 0.1 (Mostly soils, mixed pixel)",0.01 - 0.015 (Good performance),<1 K (Excellent performance)
60097,Pixel produced by TES but certain conditions are met that may degrade the LSTE accuracy 00 Pixel produced by TES  (Use cloud layer to filter cloudy pixels and select best quality),Good quality L1B data,Not set. Please check ECOSTRESS GEO and CLOUD products for this information.,Fast,0.1 - 0.2 (Nominal value),"0.03 - 0.1 (Mostly soils, mixed pixel)",0.01 - 0.015 (Good performance),<1 K (Excellent performance)
60101,Pixel produced by TES but certain conditions are met that may degrade the LSTE accuracy 00 Pixel produced by TES  (Use cloud layer to filter cloudy pixels and select best quality),Missing stripe pixel in bands 1 and 5,Not set. Please check ECOSTRESS GEO and CLOUD products for this information.,Fast,0.1 - 0.2 (Nominal value),"0.03 - 0.1 (Mostly soils, mixed pixel)",0.01 - 0.015 (Good performance),<1 K (Excellent performance)
60352,Pixel produced by TES (Use cloud layer to filter cloudy pixels and select best quality),Good quality L1B data,Not set. Please check ECOSTRESS GEO and CLOUD products for this information.,Fast,"<0.1 (Dry, or high altitude pixel)","0.03 - 0.1 (Mostly soils, mixed pixel)",0.01 - 0.015 (Good performance),<1 K (Excellent performance)
60353,Pixel produced by TES but certain conditions are met that may degrade the LSTE accuracy 00 Pixel produced by TES  (Use cloud layer to filter cloudy pixels and select best quality),Good quality L1B data,Not set. Please check ECOSTRESS GEO and CLOUD products for this information.,Fast,"<0.1 (Dry, or high altitude pixel)","0.03 - 0.1 (Mostly soils, mixed pixel)",0.01 - 0.015 (Good performance),<1 K (Excellent performance)
60357,Pixel produced by TES but certain conditions are met that may degrade the LSTE accuracy 00 Pixel produced by TES  (Use cloud layer to filter cloudy pixels and select best quality),Missing stripe pixel in bands 1 and 5,Not set. Please check ECOSTRESS GEO and CLOUD products for this information.,Fast,"<0.1 (Dry, or high altitude pixel)","0.03 - 0.1 (Mostly soils, mixed pixel)",0.01 - 0.015 (Good performance),<1 K (Excellent performance)
61120,Pixel produced by TES (Use cloud layer to filter cloudy pixels and select best quality),Good quality L1B data,Not set. Please check ECOSTRESS GEO and CLOUD products for this information.,Fast,0.1 - 0.2 (Nominal value),"<0.03 (Vegetation, snow, water, ice)",0.01 - 0.015 (Good performance),<1 K (Excellent performance)
61376,Pixel produced by TES (Use cloud layer to filter cloudy pixels and select best quality),Good quality L1B data,Not set. Please check ECOSTRESS GEO and CLOUD products for this information.,Fast,"<0.1 (Dry, or high altitude pixel)","<0.03 (Vegetation, snow, water, ice)",0.01 - 0.015 (Good performance),<1 K (Excellent performance)
61381,Pixel produced by TES but certain conditions are met that may degrade the LSTE accuracy 00 Pixel produced by TES  (Use cloud layer to filter cloudy pixels and select best quality),Missing stripe pixel in bands 1 and 5,Not set. Please check ECOSTRESS GEO and CLOUD products for this information.,Fast,"<0.1 (Dry, or high altitude pixel)","<0.03 (Vegetation, snow, water, ice)",0.01 - 0.015 (Good performance),<1 K (Excellent performance)
